name,date
长城,2012.03.17
十三陵水库,2012.03.24
怀柔水库,2012.03.31
香山,2012.04.07
东方红隧道,2012.04.14
潭柘寺戒台寺,2012.05.05
银山塔林,2012.05.26
汉石桥湿地,2012.07.07
后海,2012.07.14
姚广孝墓塔,2012.09.01
长城,2012.09.08
香山,2012.09.15
妙峰山,2012.09.22
白虎涧,2012.12.01
长城,2012.12.08
香山,2012.12.15
百望山,2012.12.22
京西古道,2012.12.29
未名湖滑冰,2013.01.01
中传博物馆,2013.01.03
马云对话周星驰,2013.01.04
长城,2013.01.12
白河峡谷,2013.01.19
长城,2013.01.26
香山,2013.02.16
十三陵水库,2013.02.23
长城,2013.03.02
长城,2013.03.16
长城,2013.03.23
十三陵水库,2013.03.30
香山,2013.03.31
乾坤湾-壶口-西安,2013.04.03
北京—成都—拉萨,2013.04.13
百花山,2013.07.06
黄草梁,2013.07.20
海坨,2013.07.27
香山,2013.08.12
水泉沟,2013.08.17
海坨,2013.08.24
京西古道,2013.09.07
密云水库,2013.09.14
雾灵山,2013.09.19
海坨,2013.10.02
桃源仙谷,2013.10.05
燕羽山,2013.10.19
黄草梁,2013.10.26
喀嚓古道,2013.11.23
阳台山-凤凰岭,2013.11.30
长城,2013.12.07
水泉沟,2014.01.18
后河峡谷,2014.03.22
梨花沟,2014.03.29
妙峰山,2014.04.05
东方红隧道,2014.04.12
长岛,2014.05.01
锡林郭勒,2014.05.31
灵山,2014.07.26
海坨,2014.08.09
行百里者剩九十,2014.10.01
长城,2014.10.25
白石山玻璃栈道,2014.11.08
京西古道,2014.12.07
香山,2015.03.29
长城,2015.05.16
青龙峡,2015.07.26
泰山,2015.07.31
香山,2015.08.30
香山,2015.09.03
草原天路,2015.09.04
长城,2015.09.19
龙泉寺,2015.09.20
西北行,2015.09.30
长城,2015.10.17
长城,2015.10.31
香山,2015.11.22
长城,2015.11.28
滑雪,2015.12.12
大五台,2015.12.26
白河峡谷,2016.01.10
未名湖滑冰,2016.01.16
京西古道,2016.01.31
长城,2016.02.27
龙泉寺,2016.03.06
京西古道,2016.03.12
香山,2016.03.26
库布齐,2016.04.02
长城,2016.04.16
十渡,2016.04.30
漠河丹东,2016.06.04
大五台,2016.06.18
白河峡谷,2016.07.02
玉渡山,2016.07.09
盛夏雨夜独行刷二环,2016.07.23
香山,2016.07.30
香山,2016.08.21
京西古道,2016.08.28
善行50,2016.09.10
海坨,2016.09.15
哈巴雪山,2016.09.30
长城,2016.10.29
香山,2016.11.20
滑雪,2016.11.27
恒山悬空寺云冈石窟,2016.12.10
大五台,2016.12.31
香山,2017.01.08
香山,2017.02.12
京西古道,2017.02.18
香山,2017.02.26
香山,2017.03.05
香山,2017.03.12
婺源,2017.03.18
香山,2017.03.26
永定河露营,2017.04.02
长城,2017.04.15
妙峰山,2017.04.29
香山,2017.05.07
白河峡谷,2017.05.28
长城,2017.08.05
贡嘎转山,2017.09.30
香山,2017.10.15
长城,2017.10.29
香山,2017.11.12
滑雪,2017.11.26
龙泉寺,2017.12.03
大五台,2017.12.31
滑雪,2018.01.07
香山,2018.03.24
长城,2018.04.06
香山,2018.04.22
重庆-涪陵-西安,2018.04.30
香山,2018.05.27
秦皇岛山海关,2018.06.02
十渡,2018.06.16
京西古道,2018.06.24
长城,2018.07.08
十三陵水库,2018.08.19
长城,2018.09.08
香山,2018.09.22
香山,2018.10.14
喇叭沟门,2018.10.20
香山,2018.10.21
长城,2018.10.28
长城,2018.11.03
滑雪,2019.01.01
滑雪,2019.01.06
滑雪,2019.01.12
白石山玻璃栈道,2019.03.02
香山,2019.03.10
长城,2019.03.16
香山,2019.03.24
东方红隧道,2019.03.31
长城,2019.04.14
冰山梁扎营,2019.06.22
香山,2019.08.17
香山,2019.08.25
法海寺~八大处,2019.09.01
长城,2019.09.08
月坨岛,2019.09.13
长城,2019.09.15
“与天久长”特展,2019.09.22
黄草梁,2019.09.28
喇叭沟门,2019.10.02
长城,2019.10.20
 龙泉寺,2019.11.10
香山,2020.01.04
长城,2020.01.12
大觉寺,2020.05.04
香山,2020.05.17
奥森,2020.05.31
奥森,2020.06.13
长城,2020.07.19
奥森,2020.10.01
香山,2020.10.06
香山,2020.10.11
长城,2020.10.25
香山,2020.11.01
长城,2020.12.05
元旦鬼笑石日出,2021.01.01
